{"intents": [
        {"tag": "greeting",
         "patterns": ["Hi", "Hello", "Hello sir", "Hi sir","Nice to meet you too"],
         "responses": ["I have been assigned to pre-qualify candidates by asking some queries and assessing them for the appropriate job roles. Let's get started with your interview, let me know if you are ready or not?","I have been assigned to pre-qualify candidates by asking some queries and assessing them for the appropriate job roles.I ll ask u now some questions regarding yourself, Are you ready ??"],
         "context_set": ""
        },
        {"tag": "goodbye",
         "patterns": ["Bye", "thank you sir", "Goodbye","Thank you"],
         "responses": ["Thanks for visiting, type 'exit' to close the conversation", "Have a nice day, type 'exit' to close the conversation", "It was nice talking to you, Type 'exit' to close the conversation"]
        },
        {"tag": "JOB_Role",
         "patterns": ["Yes sir", "I'm ready sir", "Okay sir, I m ready","Go on, I m ready","Ready","Yes ready"],
         "responses": ["So, Which job role you are applying for??", "Which job role you're interested in??"]
        },
        {"tag": "Acceptable_role",
         "patterns": ["I'm applying for Junior ML Engineer", "Senior Data Scientist","Big Data Engineer","AI Engineer","Artificial Intelligence Engineer" ],
         "responses": ["How many years of experience you have, choose from the following   1. 0-2 Years, 2. 3-5 years, 3. 5+ years "]
        },
        {"tag": "Not_Acceptable_role",
         "patterns": ["Accountant", "Graphics Designer", "HR Manager", "Cyber Security expert","Web developer", "Software Engineer"],
         "responses": ["Sorry! We're not currently open for this role"]
        },
        {"tag": "Exp_Fresher_level",
         "patterns": ["I'm a Fresher","0-2 years of experience"," 0-2 years","1 Year of experience","2 Years of experience","0 years of experience" ],
         "responses": ["How many projects have you done?? Choose: 1. 1-3 Projects, 2. 4-6 Projects, 3. 7-9 Projects, 4. 10+ projects"]
        },
        {"tag": "Exp_Intermediate_level",
         "patterns": ["I've 3 years of experience", "3-5 years of experience", "3+ years of experience","I've 4 years of experience","5 Years of experience","I've 3 years of experience","3-5 years"],
         "responses": ["How many projects you have done so far? Choose: 1. 1-3 Projects, 2. 4-6 Projects, 3. 7-9 Projects, 4. 10+ projects"]
        },
        {"tag": "Exp_Pro_level",
         "patterns": ["I've 5+ years of experience", "I've 10+ years of experience", "5 years of experience","5+ years of experience","7 years of experience","8 Years of experience","3. 5+ years of experience"],
         "responses": ["No of production level projects you have done so far?? Choose: 1. 1-3 Projects 2. 4-6 Projects 3. 7-9 Projects, 4. 10+ projects, Don't cosider the minor projects","How many major projects you have done so far? Excluding Minors, Choose: 1. 1-3 Projects, 2. 4-6 Projects, 3. 7-9 Projects, 4. 10+ projects"]         
        },
        {"tag": "Basic_proj",
         "patterns": ["1-3 projects", "I've done 2 Projects", "I've done 3 projects", "1-3 Projects","2 Projects","1 project","I've done 1-3 projects","3 projects"],
         "responses": ["Choose the skills you do have 1. Data Preprocessing, 2. Python, 3. R, 4. ANN 5. CNN, 6. Tensorflow, 7. Pytorch 8. Flask, 9. Django, 10. Deployment on platforms like AWS, GCP etc., 11. RNN/LSTM, 12. Tableau, 13. Big Data_Hadoop, 14. NLP, 15. Computer Vision, 16. SQL, 17. Data Visualisation, 18. programming & software, 19. Statistics,  20. MATLAB, 21. Tflearn, 22. DBMS, 23. AI, 24. Scala "]
         
        },
        {"tag": "Intermediate_proj",
         "patterns": ["4-6 Projects", "I've done 4 projects", "5 projects","I've done 5 projects","4+ projects","4 projects","I've done 6 projects end to end","6 projects done so far"],
         "responses": ["Choose the skills you do have 1. Data Preprocessing, 2. Python, 3. R, 4. ANN 5. CNN, 6. Tensorflow, 7. Pytorch 8. Flask, 9. Django, 10. Deployment on platforms like AWS, GCP etc., 11. RNN/LSTM, 12. Tableau, 13. Big Data_Hadoop, 14. NLP, 15. Computer Vision, 16. SQL, 17. Data Visualisation, 18. programming & software, 19. Statistics,  20. MATLAB, 21. Tflearn, 22. DBMS, 23. AI, 24. Scala, 25.Microsoft Excel  "]
         
        },
        {"tag": "Exp_proj_lvl1",
         "patterns": ["7-9 projects", "7+ projects", "I've done 8 projects", "i did 7 Projects end to end","9 end to end projects","I've done 7-9 projects","8 major projects","9 Projects","7 projects"],
         "responses": ["Choose the skills you do have 1. Data Preprocessing, 2. Python, 3. R, 4. ANN 5. CNN, 6. Tensorflow, 7. Pytorch 8. Flask, 9. Django, 10. Deployment on platforms like AWS, GCP etc., 11. RNN/LSTM, 12. Tableau, 13. Big Data_Hadoop, 14. NLP, 15. Computer Vision, 16. SQL, 17. Data Visualisation, 18. programming & software, 19. Statistics,  20. MATLAB, 21. Tflearn, 22. DBMS, 23. AI, 24. Scala, 25.Microsoft Excel  "]
         
        },
        {"tag": "Exp_proj_lvl2",
         "patterns": ["10+ projects", "11 projects", "I've done around 12-15 projects", "i did 10 Projects end to end","15 end to end projects","I've done 11 projects","12 major projects","10+ Projects end to end","13 projects so far"],
         "responses": ["Choose the skills you do have 1. Data Preprocessing, 2. Python, 3. R, 4. ANN 5. CNN, 6. Tensorflow, 7. Pytorch 8. Flask, 9. Django, 10. Deployment on platforms like AWS, GCP etc., 11. RNN/LSTM, 12. Tableau, 13. Big Data_Hadoop, 14. NLP, 15. Computer Vision, 16. SQL, 17. Data Visualisation, 18. programming & software, 19. Statistics,  20. MATLAB, 21. Tflearn, 22. DBMS, 23. AI, 24. Scala, 25.Microsoft Excel "]
         
        },
        {"tag": "Skill_Basic",
         "patterns": ["data preprocessing, Python, Pytorch", "data preprocessing, SQL, R"," data preprocessing, SQL, Python, R, Pytorch","data preprocessing, Python, R, SQL, Pytorch","Python, Data Preprocessing, Statistics, R, Programming & Software, Microsoft Excel","Python, Data Preprocessing, Programming & Software", "R, Data Preprocessing, Programming & Software", "Python, R, Data Preprocessing, Programming & Software", "Data Preprocessing, Programming & Software, Statistics, Python", "Data Preprocessing, Programming & Software, Statistics, R","Data Preprocessing, Programming & Software, Microsoft Excel, Python", "Data Preprocessing, Programming & Software, Microsoft Excel, R", "Python, Data Preprocessing, Statistics, Programming & Software, Microsoft Excel", "Data Pereprocessing, Statistics, R, Programming & Software, Microsoft Excel","Python, Data Preprocessing, Statistics, R, Programming & Software, Microsoft Excel,SQL, Pytorch"],
         "responses": ["We've Recorded all of your Responses, and evaluated accordingly, thank you for joining us"]
         
        },
        {"tag": "Skill_Int",
         "patterns": ["data preprocessing,Python, R, Model deployment, tensorflow,Pytorch, Flask", "data preprocessing, Python, R, Model deployment on AWS/GCP/HEROKU, Django, tensorflow, Tableau, Pytorch, Flask, tflearn, scala, DBMS, MATLAB, SQL, programming & Software, Microsoft excel,statistics","data preprocessing, Python, R, Model deployment,tensorflow, Pytorch, Flask, Django, Tableau","Python, Data Preprocessing, Statistics, R, Programming & Software, Microsoft Excel, Scala, Tensorflow, Tflearn, DBMS, MATLAB","Python, Data Preprocessing, Statistics, R, Programming & Software, Microsoft Excel, DBMS, MATLAB", "Python, Data Preprocessing, Statistics, R, Programming & Software,Microsoft Excel, DBMS, MATLAB, Scala", "Python, Data Preprocessing, Statistics, R, Programming & Software, Microsoft Excel, MATLAB, Scala", "Python, Data Preprocessing, Statistics, R, Programming & Software, Microsoft Excel, DBMS, Scala", "Python, Data Preprocessing, Statistics, R, Programming & Software, Microsoft Excel, DBMS, MATLAB, Tensorflow, Tflearn", "Python, Data Preprocessing, Statistics, R, Programming & Software, Microsoft Excel, DBMS, MATLAB, Scala, Tensorflow, Tflearn", "Python, Data Preprocessing, Statistics, R, Programming & Software, Microsoft Excel, MATLAB, Scala, Tensorflow, Tflearn", "Python, Data Preprocessing, Statistics, R, Programming & Software, Microsoft Excel, DBMS, Scala, Tensorflow,Tflearn","Python, Data Preprocessing, Programming & Software,  Microsoft Excel, Scala, Tensorflow, Tflearn, DBMS, MATLAB", "Python, Data Preprocessing, Programming & Software, DBMS, MATLAB","Python, Data Preprocesing, Programming & Software, DBMS,MATLAB, Scala", "Python, Data Preprocessing, Programming & Software, MATLAB, Scala", "Python, Data Preprocessing, Programming & Software, DBMS, Scala", "Python, Data Preprocesing, Programming & Software, DBMS, Scala, Tensorflow, Tflearn","Python, Data Preprocessing, Programming & Software, DBMS, MATLAB, Scala, Tensorflow, Tflearn", "Python, Data Preprocessing, Programming & Software, MATLAB, Scala, Tensorflow, Tflearn", "Python, Data Preprocesing, Programming & Software, DBMS, Scala, Tensorflow, Tflearn","R, Data Preprocessing, Programming & Software, Scala, Tensorflow, Tflearn, DBMS, MATLAB", "R, Data Preprocessing, Programming & Software, DBMS, MATLAB", "R, Data Preprocessing, Programming & Software, DBMS, MATLAB, Scala", "R, Data Preprocessing, Programming & Software, MATLAB, Scala", "R, Data Preprocessing, Programming & Software, DBMS, Scala", "R, Data Preprocessing, Programming & Software, DBMS, Scala, Tensorflow, Tflearn", "R, Data Preprocesing, Programming & Software, DBMS, MATLAB, Scala, Tensorflow, Tflearn", "R, Data Preprocesing, Programming & Software, MATLAB, Scala, Tensorflow, Tflearn", "R, Data Preprocesing, Programming & Software, DBMS, Scala, Tensorflow, Tflearn", "Python, R, Data Preprocessing, Programming & Software, Scala, Tensorflow, Tflearn, DBMS, MATLAB", "Python, R, Data Preprocessing, Programming & Software, DBMS, MATLAB", "Python, R, Data Preprocessing, Programming & Software, DBMS, MATLAB, Scala", "Python, R, Data Preprocessing, Programming & Software, MATLAB, Scala", "Python, R, Data Preprocessing, Programming & Software, DBMS, Scala", "Python, R, Data Preprocessing, Programming & Software, DBMS, Scala, Tensorflow, Tflearn", "Python, R, Data Preprocessing, Programming & Software, DBMS, MATLAB, Scala, Tensorflow, Tflearn", "Python, R, Data Preprocessing, Programming & Software, MATLAB, Scala, Tensorflow, Tflearn", "Python, R, Data Preprocessing, Programming & Software, DBMS, Scala, Tensorflow, Tflearn", "Data Preprocessing, Programming & Software, Statistics, Python, Scala, Tensorflow, Tflearn, DBMS, MATLAB", "Data Preprocessing, Programming & Software, Statistics, Python, DBMS, MATLAB", "Data Preprocessing, Programming & Software, Statistics, Python, DBMS, MATLAB, Scala", "Data Preprocessing, Programming & Software, Statistics, Python, MATLAB, Scala", "Data Preprocessing, Programming & Software, Statistics, Python, DBMS, Scala", "Data Preprocessing, Programming & Software, Statistics, Python, DBMS, Scala, Tensorflow, Tflearn", "Data Preprocessing, Programming & Software, Statistics, Python, DBMS, MATLAB, Scala, Tensorflow, Tflearn", "Data Preprocessing, Programming & Software, Statistics, Python, MATLAB, Scala, Tensorflow, Tflearn", "Data Preprocessing, Programming & Software, Statistics, Python, DBMS, Scala, Tensorflow, Tflearn", "Data Preprocessing, Programming & Software, Statistics, R, Scala, Tensorflow, Tflearn, DBMS, MATLAB", "Data Preprocessing, Programming & Software, Statistics, R, DBMS, MATLAB", "Data Preprocessing, Programming & Software, Statistics, R, DBMS, MATLAB, Scala", "Data Preprocessing, Programming & Software, Statistics, R, MATLAB,  Scala", "Data Preprocessing, Programming & Software, Statistics, R, DBMS, Scala", "Data Preprocessing, Programming & Software, Statistics, R, DBMS, Scala, Tensorflow, Tflearn", "Data Preprocessing, Programming & Software, Statistics, R, DBMS, MATLAB, Scala, Tensorflow, Tflearn", "Data Preprocessing, Programming & Software, Statistics, R, MATLAB, Scala, Tensorflow, Tflearn", "Data Preprocessing, Programming & Software, Statistics, R, DBMS, Scala, Tensorflow, Tflearn", "Data Preprocessing, Programming & Software, Microsoft Excel, Python, Scala, Tensorflow, Tflearn, DBMS, MATLAB", "Data Preprocessing, Programming & Software, Microsoft Excel, Python, DBMS, MATLAB", "Data Preprocessing, Programming & Software, Microsoft Excel, Python, DBMS, MATLAB, Scala", "Data Preprocessing, Programming  & Software, Microsoft Excel, Python, MATLAB, Scala", "Data Preprocessing, Programming & Software, Microsoft Excel, Python, DBMS, Scala", "Data Preprocessing, Programming & Software, Microsoft Excel, Python, DBMS, Scala, Tensorflow, Tflearn", "Data Preprocessing, Programming & Software, Microsoft Excel, Python, DBMS, MATLAB,  Scala, Tensorflow, Tflearn", "Data Preprocessing, Programming & Software, Microsoft Excel, Python, MATLAB, Scala, Tensorflow, Tflearn", "Data Preprocessing, Programming & Software, Microsoft Excel, Python, DBMS, Scala, Tensorflow, Tflearn", "Data Preprocessing, Programming & Software, Microsoft Excel, R, Scala, Tensorflow, Tflearn, DBMS, MATLAB", "Data Preprocessing, Programming & Software, Microsoft Excel, R, DBMS, MATLAB", "Data Preprocessing, Programming & Software, Microsoft Excel, R, DBMS, MATLAB, Scala", "Data Preprocessing, Programming & Software, Microsoft Excel, R, MATLAB, Scala", "Data Preprocessing, Programming & Software, Microsoft Excel, R, DBMS, Scala", "Data Preprocessing, Programming & Software, Microsoft Excel, R, DBMS, Scala, Tensorflow, Tflearn", "Data Preprocessing, Programming & Software, Microsoft Excel, R, DBMS, MATLAB, Scala, Tensorflow, Tflearn", "Data Preprocessing, Programming & Software, Microsoft Excel, R, MATLAB, Scala, Tensorflow, Tflearn", "Data Preprocessing, Programming & Software, Microsoft Excel, R, DBMS, Scala, Tensorflow, Tflearn", "Python, Data Preprocesing, Statistics, Programming & Software, Microsoft Excel, Scala, Tensorflow, Tflearn, DBMS, MATLAB", "Python, Data Preprocesing, Statistics, Programming & Software, Microsoft Excel, DBMS, MATLAB", "Python, Data Preprocesing, Statistics, Programming & Software, Microsoft Excel, DBMS, MATLAB, Scala", "Python, Data Preprocesing, Statistics, Programming & Software, Microsoft Excel, MATLAB, Scala", "Python, Data Preprocesing, Statistics, Programming & Software,  Microsoft Excel, DBMS, Scala", "Python, Data Preprocesing, Statistics, Programming & Software, Microsoft Excel, DBMS, Scala, Tensorflow, Tflearn", "Python,  Data Preprocesing, Statistics, Programming & Software, Microsoft Excel, DBMS, MATLAB, Scala, Tensorflow, Tflearn", "Python, Data Preprocesing, Statistics,  Programming & Software, Microsoft Excel, MATLAB, Scala, Tensorflow, Tflearn", "Python, Data Preprocesing, Statistics, Programming & Software, Microsoft Excel, DBMS, Scala, Tensorflow, Tflearn", "Data Preprocesing, Statistics, R, Programming & Software, Microsoft Excel, Scala, Tensorflow, Tflearn, DBMS, MATLAB", "Data Preprocesing, Statistics, R, Programming & Software, Microsoft Excel, DBMS, MATLAB", "Data Preprocesing, Statistics, R, Programming & Software, Microsoft Excel, DBMS, MATLAB, Scala", "Data Preprocesing, Statistics, R, Programming & Softwae, Microsoft Excel, MATLAB, Scala", "Data Preprocesing, Statistics, R, Programming & Software, Microsoft Excel, DBMS, Scala", "Data Preprocesing, Statistics, R, Programming & Software, Microsoft Excel, DBMS, Scala, Tensorflow, Tflearn", "Data Preprocesing, Statistics, R, Programming & Software, Microsoft Excel, DBMS, MATLAB, Scala, Tensorflow, Tflearn", "Data Preprocesing, Statistics, R, Programming & Software, Microsoft Excel, MATLAB, Scala, Tensorflow, Tflearn","Data Preprocesing, Statistics, R, Programming & Software, Microsoft Excel, DBMS, Scala, Tensorflow, Tflearn"],
         "responses": ["We've Recorded all of your Responses, and evaluated accordingly, thank you for joining us"]
         
        },
        {"tag": "Skill_Pro",
         "patterns": ["data preprocessing, Python, R, Model deployment on AWS/GCP/HEROKU, Django, tensorflow, Tableau, Pytorch, Flask, tflearn, scala, DBMS, MATLAB, SQL, programming & Software, Microsoft excel,statistics,ANN, CNN, RNN/LSTM, Hadoop,NLP, computer vision","data preprocessing, SQL, Python, R, Model deployment, tensorflow, Pytorch, ANN, CNN, Flask, Django, RNN/LSTM, Hadoop, NLP, Computer Vision", "data preprocessing, Python, R, RNN/LSTM, ANN, CNN, Model deployment on AWS,GCP, tensorflow, Tableau, Computer Vision, RNN","Python, Data Preprocesing, Statistics, R, Programming & Software, Microsoft Excel, Data Visualisation, CNN, ANN, Deep Learning, AI","Python, Data Preprocesing, Statistics, R, Programming & Software, Microsoft Excel, Deep Learning, AI", "Python, Data Preprocesing, Statistics, R, Programming & Software,Microsoft Excel, Deep Learning, AI, Data Visualisation", "Python, Data Preprocesing, Statistics, R, Programming & Software, Microsoft Excel, AI, Data Visualisation", "Python, Data Preprocesing, Statistics, R, Programming & Software, Microsoft Excel, Deep Learning, Data Visualisation", "Python, Data Preprocesing, Statistics, R, Programming & Software, Microsoft Excel, Deep Learning, AI, CNN, ANN", "Python, Data Preprocesing, Statistics, R, Programming & Software, Microsoft Excel, Deep Learning, AI, Data Visualisation, CNN, ANN", "Python, Data Preprocesing, Statistics, R, Programming & Software, Microsoft Excel, AI, Data Visualisation, CNN, ANN", "Python, Data Preprocesing, Statistics, R, Programming & Software,Microsoft Excel, Deep Learning, Data Visualisation, CNN, ANN","Python, Data Preprocesing, Programming & Software,  Microsoft Excel, Data Visualisation, CNN, ANN, Deep Learning, AI", "Python, Data Preprocesing, Programming & Software, Deep Learning, AI","Python, Data Preprocesing, Programming & Software, Deep Learning, AI, Data Visualisation", "Python, Data Preprocesing, Programming & Software, AI, Data Visualisation", "Python, Data Preprocesing, Programming & Software, Deep Learning, Data Visualisation", "Python, Data Preprocesing, Programming & Software, Deep Learning, Data Visualisation, CNN, ANN","Python, Data Preprocesing, Programming & Software, Deep Learning, AI, Data Visualisation, CNN, ANN", "Python, Data Preprocesing, Programming & Software, AI, Data Visualisation, CNN, ANN", "Python, Data Preprocesing, Programming & Software, Deep Learning, Data Visualisation, CNN, ANN","R, Data Preprocesing, Programming & Software, Data Visualisation, CNN, ANN, Deep Learning, AI", "R, Data Preprocesing, Programming & Software, Deep Learning, AI", "R, Data Preprocesing, Programming & Software, Deep Learning, AI, Data Visualisation", "R, Data Preprocesing, Programming & Software,AI, Data Visualisation", "R, Data Preprocesing, Programming & Software, Deep Learning, Data Visualisation", "R, Data Preprocesing, Programming & Software, Deep Learning, Data Visualisation, CNN, ANN", "R, Data Preprocesing, Programming & Software, Deep Learning, AI, Data Visualisation, CNN, ANN", "R, Data Preprocesing, Programming & Software, AI, Data Visualisation, CNN, ANN", "R, Data Preprocesing, Programming & Software, Deep Learning, Data Visualisation, CNN, ANN", "Python, R, Data Preprocessing, Programming & Software, Data Visualisation, CNN, ANN, Deep Learning, AI", "Python, R, Data Preprocessing, Programming & Software, Deep Learning, AI", "Python, R, Data Preprocessing, Programming & Software, Deep Learning, AI, Data Visualisation", "Python, R, Data Preprocessing, Programming & Software, AI, Data Visualisation", "Python, R, Data Preprocessing, Programming & Software, Deep Learning, Data Visualisation", "Python, R, Data Preprocessing, Programming & Software, Deep Learning, Data Visualisation, CNN, ANN", "Python, R, Data Preprocessing, Programming & Software, Deep Learning, AI, Data Visualisation, CNN, ANN", "Python, R, Data Preprocessing, Programming & Software, AI, Data Visualisation, CNN, ANN", "Python, R, Data Preprocessing, Programming & Software, Deep Learning, Data Visualisation, CNN, ANN", "Data Preprocessing, Programming & Software, Statistics, Python, Data Visualisation, CNN, ANN, Deep Learning, AI", "Data Preprocessing, Programming & Software, Statistics, Python, Deep Learning, AI", "Data Preprocessing, Programming & Software, Statistics, Python, Deep Learning, AI, Data Visualisation", "Data Preprocessing, Programming & Software, Statistics, Python, AI, Data Visualisation", "Data Preprocessing, Programming & Software, Statistics, Python, Deep Learning, Data Visualisation", "Data Preprocessing, Programming & Software, Statistics, Python, Deep Learning, Data Visualisation, CNN, ANN", "Data Preprocessing, Programming & Software, Statistics, Python, Deep Learning, AI, Data Visualisation, CNN, ANN", "Data Preprocessing, Programming & Software, Statistics, Python, AI, Data Visualisation, CNN, ANN", "Data Preprocessing, Programming & Software, Statistics, Python, Deep Learning, Data Visualisation, CNN, ANN", "Data Preprocessing, Programming & Software, Statistics, R, Data Visualisation, CNN, ANN, Deep Learning, AI", "Data Preprocessing, Programming & Software, Statistics, R, Deep Learning, AI", "Data Preprocessing, Programming & Software, Statistics, R, Deep Learning, AI, Data Visualisation", "Data Preprocessing, Programming & Software, Statistics, R, AI, Data Visualisation", "Data Preprocessing, Programming & Software, Statistics, R, Deep Learning, Data Visualisation", "Data Preprocessing, Programming & Software, Statistics, R, Deep Learning, Data Visualisation, CNN, ANN", "Data Preprocessing, Programming & Software, Statistics, R, Deep Learning, AI, Data Visualisation, CNN, ANN", "Data Preprocessing, Programming & Software, Statistics, R, AI, Data Visualisation, CNN, ANN", "Data Preprocessing, Programming & Software, Statistics, R, Deep Learning, Data Visualisation, CNN, ANN", "Data Preprocessing, Programming & Software, Microsoft Excel, Python, Data Visualisation, CNN, ANN, Deep Learning, AI", "Data Preprocessing, Programming & Software, Microsoft Excel, Python, Deep Learning, AI", "Data Preprocessing, Programming & Software, Microsoft Excel, Python, Deep Learning, AI, Data Visualisation", "Data Preprocessing, Programming  & Software, Microsoft Excel, Python, AI, Data Visualisation", "Data Preprocessing, Programming & Software, Microsoft Excel, Python, Deep Learning, Data Visualisation", "Data Preprocessing, Programming & Software, Microsoft Excel, Python, Deep Learning, AI, Data Visualisation, CNN, ANN", "Data Preprocessing, Programming & Software, Microsoft Excel, Python, Deep Learning, AI, Data Visualisation, CNN, ANN", "Data Preprocessing, Programming & Software, Microsoft Excel, Python, AI, Data Visualisation, CNN, ANN", "Data Preprocessing, Programming & Software, Microsoft Excel, Python, Deep Learning, Data Visualisation, CNN, ANN", "Data Preprocessing, Programming & Software, Microsoft Excel, R, Data Visualisation, CNN, ANN, Deep Learning, AI", "Data Preprocessing, Programming & Software, Microsoft Excel, R, Deep Learning, AI", "Data Preprocessing, Programming & Software, Microsoft Excel, R, Deep Learning, AI, Data Visualisation", "Data Preprocessing, Programming & Software, Microsoft Excel, R, AI, Data Visualisation", "Data Preprocessing, Programming & Software, Microsoft Excel, R, Deep Learning, Data Visualisation", "Data Preprocessing, Programming & Software, Microsoft Excel, R, Deep Learning, Data Visualisation, CNN, ANN", "Data Preprocessing, Programming & Software, Microsoft Excel, R, Deep Learning, AI, Data Visualisation, CNN, ANN", "Data Preprocessing, Programming & Software, Microsoft Excel, R, AI, Data Visualisation, CNN, ANN", "Data Preprocessing, Programming & Software, Microsoft Excel, R, Deep Learning, Data Visualisation, CNN, ANN", "Python, Data Preprocesing, Statistics, Programming & Software, Microsoft Excel, Data Visualisation, CNN, ANN, Deep Learning, AI", "Python, Data Preprocesing, Statistics, Programming & Software, Microsoft Excel, Deep Learning, AI", "Python, Data Preprocesing, Statistics, Programming & Software, Microsoft Excel, Deep Learning, AI, Data Visualisation", "Python, Data Preprocesing, Statistics, Programming & Software, Microsoft Excel, AI, Data Visualisation", "Python, Data Preprocesing, Statistics, Programming & Software,  Microsoft Excel, Deep Learning, Data Visualisation", "Python, Data Preprocesing, Statistics, Programming & Software, Microsoft Excel, Deep Learning, Data Visualisation, CNN, ANN", "Python,  Data Preprocesing, Statistics, Programming & Software, Microsoft Excel, Deep Learning, AI, Data Visualisation, CNN, ANN", "Python, Data Preprocesing, Statistics,  Programming & Software, Microsoft Excel, AI, Data Visualisation, CNN, ANN", "Python, Data Preprocesing, Statistics, Programming & Software, Microsoft Excel, Deep Learning, Data Visualisation, CNN, ANN", "Data Preprocesing, Statistics, R, Programming & Software, Microsoft Excel, Data Visualisation, CNN, ANN, Deep Learning, AI", "Data Preprocesing, Statistics, R, Programming & Software, Microsoft Excel, Deep Learning, AI", "Data Preprocesing, Statistics, R, Programming & Software, Microsoft Excel, Deep Learning, AI, Data Visualisation", "Data Preprocesing, Statistics, R, Programming & Softwae, Microsoft Excel, AI, Data Visualisation", "Data Preprocesing, Statistics, R, Programming & Software, Microsoft Excel, Deep Learning, Data Visualisation", "Data Preprocesing, Statistics, R, Programming & Software, Microsoft Excel, Deep Learning, Data Visualisation, CNN, ANN", "Data Preprocesing, Statistics, R, Programming & Software, Microsoft Excel, Deep Learning, AI,Data Visualisation, CNN, ANN", "Data Preprocesing, Statistics, R, Programming & Software, Microsoft Excel, AI, Data Visualisation, CNN, ANN","Data Preprocesing, Statistics, R, Programming & Software, Microsoft Excel, Deep Learning, Data Visualisation, CNN, ANN"],
         "responses": ["We've Recorded all of your Responses, and evaluated accordingly, thank you for joining us"]
         
        }
   ]
}
